"DESCRIPTION","DURATION IN MS","NAME","PARENT SUITE","START TIME","STATUS","STOP TIME","SUB SUITE","SUITE","TEST CLASS","TEST METHOD"
"","13","test_generate_unknown_news_404","tests","2026-10-10","passed","2026-10-10","","test_generate_publish_api","",""
"","4","test_duplicate_url_is_skipped","tests","2026-10-10","passed","2026-10-10","","test_news_dedup","",""
"","12","test_publish_already_published_returns_200","tests","2026-10-10","passed","2026-10-10","","test_generate_publish_api","",""
"","11","test_unsupported_site_url_422","tests","2026-10-10","passed","2026-10-10","","test_sources_api","",""
"","2","test_duplicate_telegram_ids_are_skipped","tests","2026-10-10","passed","2026-10-10","","test_news_dedup","",""
"","13","test_publish_new_post_409","tests","2026-10-10","passed","2026-10-10","","test_generate_publish_api","",""
"","13","test_create_habr_source_201","tests","2026-10-10","passed","2026-10-10","","test_sources_api","",""
"","0","test_habr_parser_selected_for_feed_url","tests","2026-10-10","passed","2026-10-10","","test_parsers_registry","",""
"","11","test_publish_generated_returns_202","tests","2026-10-10","passed","2026-10-10","","test_generate_publish_api","",""
"","13","test_delete_source_with_news_409","tests","2026-10-10","passed","2026-10-10","","test_sources_api","",""
"","15","test_generate_creates_post_202","tests","2026-10-10","passed","2026-10-10","","test_generate_publish_api","",""
"","0","test_unknown_site_has_no_parser","tests","2026-10-10","passed","2026-10-10","","test_parsers_registry","",""
"","18","test_generate_for_disabled_source_409","tests","2026-10-10","passed","2026-10-10","","test_generate_publish_api","",""
"","0","test_telegram_parser_accepts_username_link","tests","2026-10-10","passed","2026-10-10","","test_parsers_registry","",""
"","10","test_parse_returns_202_task_id","tests","2026-10-10","passed","2026-10-10","","test_generate_publish_api","",""
